INSERT INTO hotels (id, name) VALUES (1, 'Hotel A');
INSERT INTO hotels (id, name) VALUES (2, 'Hotel B');

INSERT INTO guests (id, name, email) VALUES (1, 'Stephen Murphy', 'faithcisneros@brown.com');
INSERT INTO guests (id, name, email) VALUES (2, 'Elizabeth Baker', 'sarah01@thompson-simmons.biz');
INSERT INTO guests (id, name, email) VALUES (3, 'Dr. Stephanie Patterson', 'tyler73@simon.com');
INSERT INTO guests (id, name, email) VALUES (4, 'Rebecca Gibbs', 'lisa95@yahoo.com');
INSERT INTO guests (id, name, email) VALUES (5, 'Andrew Haynes', 'phillip10@yahoo.com');
INSERT INTO guests (id, name, email) VALUES (6, 'Patricia Lewis', 'johnsonbrad@fuller.com');
INSERT INTO guests (id, name, email) VALUES (7, 'Brittany Lane', 'cwright@stephens-burns.com');
INSERT INTO guests (id, name, email) VALUES (8, 'Brian Choi', 'sharon98@cooper.com');
INSERT INTO guests (id, name, email) VALUES (9, 'Ronald Smith', 'jaredkemp@yahoo.com');
INSERT INTO guests (id, name, email) VALUES (10, 'Lisa Davis', 'carlosmendoza@roberts.com');
INSERT INTO guests (id, name, email) VALUES (11, 'Michele Oneill', 'zking@morgan.com');
INSERT INTO guests (id, name, email) VALUES (12, 'Michael Johnson', 'kimberly53@hicks.com');
INSERT INTO guests (id, name, email) VALUES (13, 'Stephen Fischer', 'jonesshane@anderson.com');
INSERT INTO guests (id, name, email) VALUES (14, 'Alyssa Olson', 'darmstrong@gmail.com');
INSERT INTO guests (id, name, email) VALUES (15, 'Matthew Collins', 'owenskeith@gmail.com');
INSERT INTO guests (id, name, email) VALUES (16, 'Lee Schwartz', 'mdavis@simpson.com');
INSERT INTO guests (id, name, email) VALUES (17, 'Molly Barrett', 'brucejones@jones.com');
INSERT INTO guests (id, name, email) VALUES (18, 'John Singh', 'melissawiggins@chapman-gould.com');
INSERT INTO guests (id, name, email) VALUES (19, 'Julia Ross', 'ingramkathryn@yahoo.com');
INSERT INTO guests (id, name, email) VALUES (20, 'Mary Graham', 'ugonzalez@king.com');
INSERT INTO guests (id, name, email) VALUES (21, 'Sharon Chen', 'stokesjulie@hotmail.com');
INSERT INTO guests (id, name, email) VALUES (22, 'Jeffery Dawson', 'evanssherry@lutz.biz');
INSERT INTO guests (id, name, email) VALUES (23, 'Victoria Smith', 'pamelawood@webb.com');
INSERT INTO guests (id, name, email) VALUES (24, 'Linda Schaefer', 'jenniferwagner@chan.com');
INSERT INTO guests (id, name, email) VALUES (25, 'Martha Harris', 'megan27@hall-anderson.net');
INSERT INTO guests (id, name, email) VALUES (26, 'Darren Watkins Jr.', 'tammy93@gmail.com');
INSERT INTO guests (id, name, email) VALUES (27, 'Anthony Mcguire', 'alexandramorris@harris-woods.info');
INSERT INTO guests (id, name, email) VALUES (28, 'Veronica Torres', 'rodriguezkristin@gmail.com');
INSERT INTO guests (id, name, email) VALUES (29, 'Philip Massey', 'georgemurray@love.com');
INSERT INTO guests (id, name, email) VALUES (30, 'Amy Anderson', 'xwilliams@white.biz');
INSERT INTO guests (id, name, email) VALUES (31, 'Jessica Perez', 'robertgonzalez@gmail.com');
INSERT INTO guests (id, name, email) VALUES (32, 'Michael Lopez', 'clarkrita@yahoo.com');
INSERT INTO guests (id, name, email) VALUES (33, 'Michelle Obrien', 'yjones@ray.com');
INSERT INTO guests (id, name, email) VALUES (34, 'Larry Hunt', 'atanner@wyatt.com');
INSERT INTO guests (id, name, email) VALUES (35, 'Juan Newman', 'saraprice@yahoo.com');
INSERT INTO guests (id, name, email) VALUES (36, 'Hector Rodriguez', 'bsmith@hess.com');
INSERT INTO guests (id, name, email) VALUES (37, 'Amanda Wiley', 'courtneygilmore@hall.org');
INSERT INTO guests (id, name, email) VALUES (38, 'Theresa White MD', 'friedmanjoshua@hotmail.com');
INSERT INTO guests (id, name, email) VALUES (39, 'Danielle Lee', 'daniel93@gmail.com');
INSERT INTO guests (id, name, email) VALUES (40, 'Angela Cook', 'aliciawood@martin-foley.info');
INSERT INTO guests (id, name, email) VALUES (41, 'Megan Perez', 'campbellscott@crawford.com');
INSERT INTO guests (id, name, email) VALUES (42, 'Kyle Stanley', 'otorres@gardner-stout.com');
INSERT INTO guests (id, name, email) VALUES (43, 'Sandra Brennan', 'jose76@richard.com');
INSERT INTO guests (id, name, email) VALUES (44, 'Eric Nunez', 'debbie52@clay.com');
INSERT INTO guests (id, name, email) VALUES (45, 'Dawn Payne', 'thomas58@gmail.com');
INSERT INTO guests (id, name, email) VALUES (46, 'Lee Perez', 'achang@brandt.com');
INSERT INTO guests (id, name, email) VALUES (47, 'Brandy Mckee', 'owilliams@hinton.com');
INSERT INTO guests (id, name, email) VALUES (48, 'Patrick Taylor', 'michael88@yahoo.com');
INSERT INTO guests (id, name, email) VALUES (49, 'Colleen Farmer', 'darryl79@bryant.org');
INSERT INTO guests (id, name, email) VALUES (50, 'Derek Flores', 'sierra62@gmail.com');
INSERT INTO guests (id, name, email) VALUES (51, 'Julia Johnson', 'bcraig@gmail.com');
INSERT INTO guests (id, name, email) VALUES (52, 'Jose Cline', 'taylorgarcia@hotmail.com');
INSERT INTO guests (id, name, email) VALUES (53, 'Jonathan Davidson', 'leah62@williams.org');
INSERT INTO guests (id, name, email) VALUES (54, 'John Morales', 'efowler@cook.org');
INSERT INTO guests (id, name, email) VALUES (55, 'Samantha Hoffman MD', 'julie39@yahoo.com');
INSERT INTO guests (id, name, email) VALUES (56, 'Madison Norris', 'dfry@gonzales-mcintosh.com');
INSERT INTO guests (id, name, email) VALUES (57, 'Scott Lambert', 'ashleyserrano@reed-rodriguez.com');
INSERT INTO guests (id, name, email) VALUES (58, 'Paul Casey', 'zgomez@mccoy-robinson.com');
INSERT INTO guests (id, name, email) VALUES (59, 'Jon Reed', 'zherring@pierce.com');
INSERT INTO guests (id, name, email) VALUES (60, 'Derek Mendoza', 'ualexander@roberts.net');
INSERT INTO guests (id, name, email) VALUES (61, 'Cynthia Fisher', 'nicholas40@hess.info');
INSERT INTO guests (id, name, email) VALUES (62, 'Michele Carr', 'lpayne@huerta-sanchez.com');
INSERT INTO guests (id, name, email) VALUES (63, 'Jason Mccullough', 'amberbrown@lozano.com');
INSERT INTO guests (id, name, email) VALUES (64, 'Briana Burns', 'campbellkyle@williams.com');
INSERT INTO guests (id, name, email) VALUES (65, 'Derrick Harris', 'rcastro@hotmail.com');
INSERT INTO guests (id, name, email) VALUES (66, 'Christy Robinson', 'floresmichele@gardner.com');
INSERT INTO guests (id, name, email) VALUES (67, 'Ryan Anderson', 'kellycollier@yahoo.com');
INSERT INTO guests (id, name, email) VALUES (68, 'Cheryl Carroll', 'ibarratheresa@hotmail.com');
INSERT INTO guests (id, name, email) VALUES (69, 'Emily Gonzalez', 'craigbird@coffey-hines.com');
INSERT INTO guests (id, name, email) VALUES (70, 'Teresa Davis', 'anthonycompton@kelley.org');
INSERT INTO guests (id, name, email) VALUES (71, 'Martin Bond', 'nixonrandall@ball-ramirez.com');
INSERT INTO guests (id, name, email) VALUES (72, 'Amanda Arnold', 'coopermelanie@oneal-mclaughlin.net');
INSERT INTO guests (id, name, email) VALUES (73, 'Samuel Smith', 'sierrathomas@howe.info');
INSERT INTO guests (id, name, email) VALUES (74, 'Cory Acosta', 'jhudson@gmail.com');
INSERT INTO guests (id, name, email) VALUES (75, 'Sharon Rodriguez', 'grahambrian@curtis-walker.net');
INSERT INTO guests (id, name, email) VALUES (76, 'Diane Meadows', 'schroederrichard@hotmail.com');
INSERT INTO guests (id, name, email) VALUES (77, 'Daniel Perez', 'jessekim@cohen.com');
INSERT INTO guests (id, name, email) VALUES (78, 'Veronica Moore', 'brandon85@green.biz');
INSERT INTO guests (id, name, email) VALUES (79, 'Christie Green', 'julie65@wells-campbell.com');
INSERT INTO guests (id, name, email) VALUES (80, 'Teresa Thompson', 'zlozano@hernandez-evans.com');
INSERT INTO guests (id, name, email) VALUES (81, 'Brittany Foster', 'smithashley@gmail.com');
INSERT INTO guests (id, name, email) VALUES (82, 'Charles Harris', 'jessepierce@booth.com');
INSERT INTO guests (id, name, email) VALUES (83, 'Carol Sanchez', 'susan44@gmail.com');
INSERT INTO guests (id, name, email) VALUES (84, 'Julie Obrien', 'jacksoncharles@morales-schroeder.com');
INSERT INTO guests (id, name, email) VALUES (85, 'Stephanie Christian', 'molly16@garcia-irwin.com');
INSERT INTO guests (id, name, email) VALUES (86, 'Sherry Walsh', 'michelleshelton@long-stevens.info');
INSERT INTO guests (id, name, email) VALUES (87, 'Monica Cox', 'hcoleman@yahoo.com');
INSERT INTO guests (id, name, email) VALUES (88, 'Yolanda Page', 'jean02@knight.com');
INSERT INTO guests (id, name, email) VALUES (89, 'Aaron Russell', 'wsnyder@yahoo.com');
INSERT INTO guests (id, name, email) VALUES (90, 'Andrea Stevens', 'mckinneytimothy@cole-kane.com');
INSERT INTO guests (id, name, email) VALUES (91, 'Andrew Williams', 'andrew89@johnson.net');
INSERT INTO guests (id, name, email) VALUES (92, 'Jeremy Richards', 'littlebruce@hotmail.com');
INSERT INTO guests (id, name, email) VALUES (93, 'Matthew English', 'uwagner@gmail.com');
INSERT INTO guests (id, name, email) VALUES (94, 'Joshua Martin', 'ndorsey@manning.com');
INSERT INTO guests (id, name, email) VALUES (95, 'William Gray', 'lmartinez@ramsey.com');
INSERT INTO guests (id, name, email) VALUES (96, 'Maurice Kelley', 'chrislynn@gmail.com');
INSERT INTO guests (id, name, email) VALUES (97, 'Michelle Bennett', 'andrea03@hotmail.com');
INSERT INTO guests (id, name, email) VALUES (98, 'Michael Lee', 'ehansen@hotmail.com');
INSERT INTO guests (id, name, email) VALUES (99, 'Colleen Gill', 'jessica93@rodriguez.com');
INSERT INTO guests (id, name, email) VALUES (100, 'Lindsey Miller', 'smithjose@holt.net');
INSERT INTO guests (id, name, email) VALUES (101, 'Brittany Riley', 'daniel27@hotmail.com');
INSERT INTO guests (id, name, email) VALUES (102, 'Kathleen Carter', 'irodriguez@hotmail.com');
INSERT INTO guests (id, name, email) VALUES (103, 'Mindy Morris', 'hmckinney@moses.info');
INSERT INTO guests (id, name, email) VALUES (104, 'Krystal Diaz', 'vjackson@gmail.com');
INSERT INTO guests (id, name, email) VALUES (105, 'Dr. Jill Franklin', 'robert49@stone-willis.com');
INSERT INTO guests (id, name, email) VALUES (106, 'David Jones', 'michael99@douglas.com');
INSERT INTO guests (id, name, email) VALUES (107, 'Christina Wright', 'sharon41@gmail.com');
INSERT INTO guests (id, name, email) VALUES (108, 'Bradley Garcia', 'yhunt@stout.net');
INSERT INTO guests (id, name, email) VALUES (109, 'Mark Barajas', 'jacqueline77@johnson.net');
INSERT INTO guests (id, name, email) VALUES (110, 'Melissa Cooper', 'obaker@schmidt.biz');
INSERT INTO guests (id, name, email) VALUES (111, 'Nicholas Hampton', 'milleranthony@gmail.com');
INSERT INTO guests (id, name, email) VALUES (112, 'Sheila Bray', 'katherinelyons@gmail.com');
INSERT INTO guests (id, name, email) VALUES (113, 'Allison Velasquez', 'jackson18@johnson.com');
INSERT INTO guests (id, name, email) VALUES (114, 'Kimberly Hester', 'ericamyers@hotmail.com');
INSERT INTO guests (id, name, email) VALUES (115, 'Eric Estrada', 'cperry@gmail.com');
INSERT INTO guests (id, name, email) VALUES (116, 'Kaitlin Brown', 'ltaylor@hotmail.com');
INSERT INTO guests (id, name, email) VALUES (117, 'Paul Collins', 'xaguirre@yahoo.com');
INSERT INTO guests (id, name, email) VALUES (118, 'Ian Chapman', 'cweaver@ho-george.net');
INSERT INTO guests (id, name, email) VALUES (119, 'Timothy Atkins', 'christophersanchez@roth.org');
INSERT INTO guests (id, name, email) VALUES (120, 'Jenna Steele', 'rrobinson@bryant-smith.com');
INSERT INTO guests (id, name, email) VALUES (121, 'Angela Hoffman', 'anthony39@henson-ramos.com');
INSERT INTO guests (id, name, email) VALUES (122, 'Laura Donovan', 'ccain@morgan-watkins.org');
INSERT INTO guests (id, name, email) VALUES (123, 'Chris Dudley', 'lucassmith@yahoo.com');
INSERT INTO guests (id, name, email) VALUES (124, 'Katherine Hawkins', 'loganronald@hotmail.com');
INSERT INTO guests (id, name, email) VALUES (125, 'Micheal Stein PhD', 'matthewpace@michael-snyder.info');
INSERT INTO guests (id, name, email) VALUES (126, 'James Allen PhD', 'thompsonchristine@jimenez.info');
INSERT INTO guests (id, name, email) VALUES (127, 'Jason Dominguez', 'cnguyen@watson.net');
INSERT INTO guests (id, name, email) VALUES (128, 'Sophia Mann', 'bcrosby@farrell.net');
INSERT INTO guests (id, name, email) VALUES (129, 'Melissa Brown', 'montgomerylynn@yahoo.com');
INSERT INTO guests (id, name, email) VALUES (130, 'Leslie Rodgers', 'kimberlymeza@hotmail.com');
INSERT INTO guests (id, name, email) VALUES (131, 'Jonathan Jones', 'michael58@li-harris.com');
INSERT INTO guests (id, name, email) VALUES (132, 'Garrett Hernandez', 'kathleen43@johnson.com');
INSERT INTO guests (id, name, email) VALUES (133, 'Thomas Rogers', 'millerkimberly@yahoo.com');
INSERT INTO guests (id, name, email) VALUES (134, 'Susan Brooks', 'christopher38@crosby-harris.com');
INSERT INTO guests (id, name, email) VALUES (135, 'Eugene Estrada', 'kara93@yahoo.com');
INSERT INTO guests (id, name, email) VALUES (136, 'Alex Mcguire', 'jacquelinesmith@gmail.com');
INSERT INTO guests (id, name, email) VALUES (137, 'Diana Hubbard', 'beverlyrios@moreno.info');
INSERT INTO guests (id, name, email) VALUES (138, 'Samantha Johnson', 'roy16@yahoo.com');
INSERT INTO guests (id, name, email) VALUES (139, 'Gordon Thomas', 'georgetracie@barry.com');
INSERT INTO guests (id, name, email) VALUES (140, 'Elizabeth Potter', 'jane83@yahoo.com');
INSERT INTO guests (id, name, email) VALUES (141, 'Tina Wallace', 'richardcosta@cook-mitchell.org');
INSERT INTO guests (id, name, email) VALUES (142, 'Michelle Huber', 'tylerspencer@yahoo.com');
INSERT INTO guests (id, name, email) VALUES (143, 'Natalie Thomas', 'janice85@yahoo.com');
INSERT INTO guests (id, name, email) VALUES (144, 'Debra Mcguire', 'michellebarnes@hotmail.com');
INSERT INTO guests (id, name, email) VALUES (145, 'Elizabeth Edwards', 'bettyalexander@chapman-baker.biz');
INSERT INTO guests (id, name, email) VALUES (146, 'John Wilkins', 'judyduarte@dennis.com');
INSERT INTO guests (id, name, email) VALUES (147, 'Caroline Williams', 'lauren96@torres-nixon.org');
INSERT INTO guests (id, name, email) VALUES (148, 'Sandra Valdez DVM', 'leonwilliam@jones.biz');
INSERT INTO guests (id, name, email) VALUES (149, 'Shelly Lopez', 'branchchristine@yahoo.com');
INSERT INTO guests (id, name, email) VALUES (150, 'Paul Patel', 'peter78@yahoo.com');
INSERT INTO guests (id, name, email) VALUES (151, 'Christy Cole', 'wilsonsarah@lee.com');
INSERT INTO guests (id, name, email) VALUES (152, 'Miranda Rogers', 'fernandeznatalie@yahoo.com');
INSERT INTO guests (id, name, email) VALUES (153, 'Charles Anderson', 'scott78@hotmail.com');
INSERT INTO guests (id, name, email) VALUES (154, 'Robert Rodriguez', 'duarteruth@hotmail.com');
INSERT INTO guests (id, name, email) VALUES (155, 'Mr. Brian Jones', 'zreyes@may.com');
INSERT INTO guests (id, name, email) VALUES (156, 'John Stokes', 'valerieperkins@yahoo.com');
INSERT INTO guests (id, name, email) VALUES (157, 'Sara Andersen', 'astewart@gmail.com');
INSERT INTO guests (id, name, email) VALUES (158, 'Beth Haynes', 'bmitchell@rodriguez.org');
INSERT INTO guests (id, name, email) VALUES (159, 'Gregory Scott DDS', 'leejohn@delgado.org');
INSERT INTO guests (id, name, email) VALUES (160, 'Sara Solomon', 'gortiz@gmail.com');
INSERT INTO guests (id, name, email) VALUES (161, 'Beverly Juarez', 'gillemily@jones.info');
INSERT INTO guests (id, name, email) VALUES (162, 'Kimberly Russo', 'michaeljimenez@hotmail.com');
INSERT INTO guests (id, name, email) VALUES (163, 'John Brady', 'barrondaniel@yahoo.com');
INSERT INTO guests (id, name, email) VALUES (164, 'Emma Cameron', 'anna92@hill-martin.com');
INSERT INTO guests (id, name, email) VALUES (165, 'Justin Phillips MD', 'maynardlisa@dean-mccormick.com');
INSERT INTO guests (id, name, email) VALUES (166, 'Kevin Cohen', 'nmendoza@banks-williams.net');
INSERT INTO guests (id, name, email) VALUES (167, 'Jeremy Hogan', 'wrighttara@hotmail.com');
INSERT INTO guests (id, name, email) VALUES (168, 'Karen Pratt', 'tuckerlaura@gmail.com');
INSERT INTO guests (id, name, email) VALUES (169, 'Stephanie Mills', 'kochdenise@hotmail.com');
INSERT INTO guests (id, name, email) VALUES (170, 'Heather Webster', 'billy99@gmail.com');
INSERT INTO guests (id, name, email) VALUES (171, 'Heather Pierce', 'jessica29@wood-peters.com');
INSERT INTO guests (id, name, email) VALUES (172, 'Johnathan Hahn', 'theresasullivan@hotmail.com');
INSERT INTO guests (id, name, email) VALUES (173, 'Lindsey Reed', 'george96@yahoo.com');
INSERT INTO guests (id, name, email) VALUES (174, 'Melissa Dickerson', 'robert50@cooper.com');
INSERT INTO guests (id, name, email) VALUES (175, 'Jessica Burns', 'gparks@hotmail.com');
INSERT INTO guests (id, name, email) VALUES (176, 'Colton Torres', 'donaldsantos@rhodes.biz');
INSERT INTO guests (id, name, email) VALUES (177, 'Jacob Delgado', 'ppierce@ellis.info');
INSERT INTO guests (id, name, email) VALUES (178, 'Erin Landry DDS', 'andrewsmith@brown.com');
INSERT INTO guests (id, name, email) VALUES (179, 'Russell Herring', 'jeffrey24@yahoo.com');
INSERT INTO guests (id, name, email) VALUES (180, 'Jonathan Mathis', 'adrienne60@hotmail.com');
INSERT INTO guests (id, name, email) VALUES (181, 'Mary Campos', 'autumn62@lee.com');
INSERT INTO guests (id, name, email) VALUES (182, 'Erika Ellis', 'david37@smith.com');
INSERT INTO guests (id, name, email) VALUES (183, 'Kevin Bernard', 'scottvicki@cobb.net');
INSERT INTO guests (id, name, email) VALUES (184, 'Jose Stone', 'collinscarla@hill.info');
INSERT INTO guests (id, name, email) VALUES (185, 'Kimberly Gibson', 'kingkevin@stanton.com');
INSERT INTO guests (id, name, email) VALUES (186, 'Jill Castillo', 'orozcowendy@morgan-marquez.com');
INSERT INTO guests (id, name, email) VALUES (187, 'Zachary Cohen', 'lauren18@gmail.com');
INSERT INTO guests (id, name, email) VALUES (188, 'Austin Martin', 'jamesmiller@wilkinson.net');
INSERT INTO guests (id, name, email) VALUES (189, 'James Hernandez', 'amanda69@gmail.com');
INSERT INTO guests (id, name, email) VALUES (190, 'Joshua Parker', 'imcbride@gmail.com');
INSERT INTO guests (id, name, email) VALUES (191, 'Erin Jones', 'jeffreynichols@yahoo.com');
INSERT INTO guests (id, name, email) VALUES (192, 'Karina Rodgers', 'ygonzalez@gmail.com');
INSERT INTO guests (id, name, email) VALUES (193, 'Corey Howell', 'xwatkins@stevens.org');
INSERT INTO guests (id, name, email) VALUES (194, 'Joseph Mack', 'chamberscourtney@gmail.com');
INSERT INTO guests (id, name, email) VALUES (195, 'Keith Lee', 'debracox@yahoo.com');
INSERT INTO guests (id, name, email) VALUES (196, 'Vincent Nunez', 'ljensen@west.com');
INSERT INTO guests (id, name, email) VALUES (197, 'Jennifer Weiss', 'theresa55@brooks.info');
INSERT INTO guests (id, name, email) VALUES (198, 'Molly White', 'timothybowen@cook-roberts.biz');
INSERT INTO guests (id, name, email) VALUES (199, 'Jennifer Nguyen', 'ofowler@acosta.biz');
INSERT INTO guests (id, name, email) VALUES (200, 'Sarah Small', 'ttaylor@bentley.org');
INSERT INTO guests (id, name, email) VALUES (201, 'Ian Perez III', 'andreacollins@wright-king.info');
INSERT INTO guests (id, name, email) VALUES (202, 'Dr. Derek Johnson', 'mitchellamber@davis-taylor.info');
INSERT INTO guests (id, name, email) VALUES (203, 'David Maldonado', 'danielle75@horton.com');
INSERT INTO guests (id, name, email) VALUES (204, 'Lisa Ford', 'richardcourtney@gmail.com');
INSERT INTO guests (id, name, email) VALUES (205, 'Amanda Mcgrath', 'vmann@gmail.com');


INSERT INTO surveys (id, hotel_id, guest_id, score) VALUES (1, 1, 1, 8.0);
INSERT INTO surveys (id, hotel_id, guest_id, score) VALUES (2, 1, 2, 8.0);
INSERT INTO surveys (id, hotel_id, guest_id, score) VALUES (3, 1, 3, 8.0);
INSERT INTO surveys (id, hotel_id, guest_id, score) VALUES (4, 1, 4, 8.0);
INSERT INTO surveys (id, hotel_id, guest_id, score) VALUES (5, 1, 5, 8.0);
INSERT INTO surveys (id, hotel_id, guest_id, score) VALUES (6, 1, 6, 8.0);
INSERT INTO surveys (id, hotel_id, guest_id, score) VALUES (7, 1, 7, 8.0);
INSERT INTO surveys (id, hotel_id, guest_id, score) VALUES (8, 1, 8, 8.0);
INSERT INTO surveys (id, hotel_id, guest_id, score) VALUES (9, 1, 9, 8.0);
INSERT INTO surveys (id, hotel_id, guest_id, score) VALUES (10, 1, 10, 8.0);
INSERT INTO surveys (id, hotel_id, guest_id, score) VALUES (11, 1, 11, 8.0);
INSERT INTO surveys (id, hotel_id, guest_id, score) VALUES (12, 1, 12, 8.0);
INSERT INTO surveys (id, hotel_id, guest_id, score) VALUES (13, 1, 13, 8.0);
INSERT INTO surveys (id, hotel_id, guest_id, score) VALUES (14, 1, 14, 8.0);
INSERT INTO surveys (id, hotel_id, guest_id, score) VALUES (15, 1, 15, 8.0);
INSERT INTO surveys (id, hotel_id, guest_id, score) VALUES (16, 1, 16, 8.0);
INSERT INTO surveys (id, hotel_id, guest_id, score) VALUES (17, 1, 17, 8.0);
INSERT INTO surveys (id, hotel_id, guest_id, score) VALUES (18, 1, 18, 8.0);
INSERT INTO surveys (id, hotel_id, guest_id, score) VALUES (19, 1, 19, 8.0);
INSERT INTO surveys (id, hotel_id, guest_id, score) VALUES (20, 1, 20, 8.0);
INSERT INTO surveys (id, hotel_id, guest_id, score) VALUES (21, 1, 21, 8.0);
INSERT INTO surveys (id, hotel_id, guest_id, score) VALUES (22, 1, 22, 8.0);
INSERT INTO surveys (id, hotel_id, guest_id, score) VALUES (23, 1, 23, 8.0);
INSERT INTO surveys (id, hotel_id, guest_id, score) VALUES (24, 1, 24, 8.0);
INSERT INTO surveys (id, hotel_id, guest_id, score) VALUES (25, 1, 25, 8.0);
INSERT INTO surveys (id, hotel_id, guest_id, score) VALUES (26, 1, 26, 8.0);
INSERT INTO surveys (id, hotel_id, guest_id, score) VALUES (27, 1, 27, 8.0);
INSERT INTO surveys (id, hotel_id, guest_id, score) VALUES (28, 1, 28, 8.0);
INSERT INTO surveys (id, hotel_id, guest_id, score) VALUES (29, 1, 29, 8.0);
INSERT INTO surveys (id, hotel_id, guest_id, score) VALUES (30, 1, 30, 8.0);
INSERT INTO surveys (id, hotel_id, guest_id, score) VALUES (31, 1, 31, 8.0);
INSERT INTO surveys (id, hotel_id, guest_id, score) VALUES (32, 1, 32, 8.0);
INSERT INTO surveys (id, hotel_id, guest_id, score) VALUES (33, 1, 33, 8.0);
INSERT INTO surveys (id, hotel_id, guest_id, score) VALUES (34, 1, 34, 8.0);
INSERT INTO surveys (id, hotel_id, guest_id, score) VALUES (35, 1, 35, 8.0);
INSERT INTO surveys (id, hotel_id, guest_id, score) VALUES (36, 1, 36, 8.0);
INSERT INTO surveys (id, hotel_id, guest_id, score) VALUES (37, 1, 37, 8.0);
INSERT INTO surveys (id, hotel_id, guest_id, score) VALUES (38, 1, 38, 8.0);
INSERT INTO surveys (id, hotel_id, guest_id, score) VALUES (39, 1, 39, 8.0);
INSERT INTO surveys (id, hotel_id, guest_id, score) VALUES (40, 1, 40, 8.0);
INSERT INTO surveys (id, hotel_id, guest_id, score) VALUES (41, 1, 41, 8.0);
INSERT INTO surveys (id, hotel_id, guest_id, score) VALUES (42, 1, 42, 8.0);
INSERT INTO surveys (id, hotel_id, guest_id, score) VALUES (43, 1, 43, 8.0);
INSERT INTO surveys (id, hotel_id, guest_id, score) VALUES (44, 1, 44, 8.0);
INSERT INTO surveys (id, hotel_id, guest_id, score) VALUES (45, 1, 45, 8.0);
INSERT INTO surveys (id, hotel_id, guest_id, score) VALUES (46, 1, 46, 8.0);
INSERT INTO surveys (id, hotel_id, guest_id, score) VALUES (47, 1, 47, 8.0);
INSERT INTO surveys (id, hotel_id, guest_id, score) VALUES (48, 1, 48, 8.0);
INSERT INTO surveys (id, hotel_id, guest_id, score) VALUES (49, 1, 49, 8.0);
INSERT INTO surveys (id, hotel_id, guest_id, score) VALUES (50, 1, 50, 8.0);
INSERT INTO surveys (id, hotel_id, guest_id, score) VALUES (51, 1, 51, 8.0);
INSERT INTO surveys (id, hotel_id, guest_id, score) VALUES (52, 1, 52, 8.0);
INSERT INTO surveys (id, hotel_id, guest_id, score) VALUES (53, 1, 53, 8.0);
INSERT INTO surveys (id, hotel_id, guest_id, score) VALUES (54, 1, 54, 8.0);
INSERT INTO surveys (id, hotel_id, guest_id, score) VALUES (55, 1, 55, 8.0);
INSERT INTO surveys (id, hotel_id, guest_id, score) VALUES (56, 1, 56, 8.0);
INSERT INTO surveys (id, hotel_id, guest_id, score) VALUES (57, 1, 57, 8.0);
INSERT INTO surveys (id, hotel_id, guest_id, score) VALUES (58, 1, 58, 8.0);
INSERT INTO surveys (id, hotel_id, guest_id, score) VALUES (59, 1, 59, 8.0);
INSERT INTO surveys (id, hotel_id, guest_id, score) VALUES (60, 1, 60, 8.0);
INSERT INTO surveys (id, hotel_id, guest_id, score) VALUES (61, 1, 61, 8.0);
INSERT INTO surveys (id, hotel_id, guest_id, score) VALUES (62, 1, 62, 8.0);
INSERT INTO surveys (id, hotel_id, guest_id, score) VALUES (63, 1, 63, 8.0);
INSERT INTO surveys (id, hotel_id, guest_id, score) VALUES (64, 1, 64, 8.0);
INSERT INTO surveys (id, hotel_id, guest_id, score) VALUES (65, 1, 65, 8.0);
INSERT INTO surveys (id, hotel_id, guest_id, score) VALUES (66, 1, 66, 8.0);
INSERT INTO surveys (id, hotel_id, guest_id, score) VALUES (67, 1, 67, 8.0);
INSERT INTO surveys (id, hotel_id, guest_id, score) VALUES (68, 1, 68, 8.0);
INSERT INTO surveys (id, hotel_id, guest_id, score) VALUES (69, 1, 69, 8.0);
INSERT INTO surveys (id, hotel_id, guest_id, score) VALUES (70, 1, 70, 8.0);
INSERT INTO surveys (id, hotel_id, guest_id, score) VALUES (71, 1, 71, 8.0);
INSERT INTO surveys (id, hotel_id, guest_id, score) VALUES (72, 1, 72, 8.0);
INSERT INTO surveys (id, hotel_id, guest_id, score) VALUES (73, 1, 73, 8.0);
INSERT INTO surveys (id, hotel_id, guest_id, score) VALUES (74, 1, 74, 8.0);
INSERT INTO surveys (id, hotel_id, guest_id, score) VALUES (75, 1, 75, 8.0);
INSERT INTO surveys (id, hotel_id, guest_id, score) VALUES (76, 1, 76, 8.0);
INSERT INTO surveys (id, hotel_id, guest_id, score) VALUES (77, 1, 77, 8.0);
INSERT INTO surveys (id, hotel_id, guest_id, score) VALUES (78, 1, 78, 8.0);
INSERT INTO surveys (id, hotel_id, guest_id, score) VALUES (79, 1, 79, 8.0);
INSERT INTO surveys (id, hotel_id, guest_id, score) VALUES (80, 1, 80, 8.0);
INSERT INTO surveys (id, hotel_id, guest_id, score) VALUES (81, 1, 81, 8.0);
INSERT INTO surveys (id, hotel_id, guest_id, score) VALUES (82, 1, 82, 8.0);
INSERT INTO surveys (id, hotel_id, guest_id, score) VALUES (83, 1, 83, 8.0);
INSERT INTO surveys (id, hotel_id, guest_id, score) VALUES (84, 1, 84, 8.0);
INSERT INTO surveys (id, hotel_id, guest_id, score) VALUES (85, 1, 85, 8.0);
INSERT INTO surveys (id, hotel_id, guest_id, score) VALUES (86, 1, 86, 8.0);
INSERT INTO surveys (id, hotel_id, guest_id, score) VALUES (87, 1, 87, 8.0);
INSERT INTO surveys (id, hotel_id, guest_id, score) VALUES (88, 1, 88, 8.0);
INSERT INTO surveys (id, hotel_id, guest_id, score) VALUES (89, 1, 89, 8.0);
INSERT INTO surveys (id, hotel_id, guest_id, score) VALUES (90, 1, 90, 8.0);
INSERT INTO surveys (id, hotel_id, guest_id, score) VALUES (91, 1, 91, 8.0);
INSERT INTO surveys (id, hotel_id, guest_id, score) VALUES (92, 1, 92, 8.0);
INSERT INTO surveys (id, hotel_id, guest_id, score) VALUES (93, 1, 93, 8.0);
INSERT INTO surveys (id, hotel_id, guest_id, score) VALUES (94, 1, 94, 8.0);
INSERT INTO surveys (id, hotel_id, guest_id, score) VALUES (95, 1, 95, 8.0);
INSERT INTO surveys (id, hotel_id, guest_id, score) VALUES (96, 1, 96, 8.0);
INSERT INTO surveys (id, hotel_id, guest_id, score) VALUES (97, 1, 97, 8.0);
INSERT INTO surveys (id, hotel_id, guest_id, score) VALUES (98, 1, 98, 8.0);
INSERT INTO surveys (id, hotel_id, guest_id, score) VALUES (99, 1, 99, 8.0);
INSERT INTO surveys (id, hotel_id, guest_id, score) VALUES (100, 1, 100, 8.0);
INSERT INTO surveys (id, hotel_id, guest_id, score) VALUES (101, 1, 101, 8.0);
INSERT INTO surveys (id, hotel_id, guest_id, score) VALUES (102, 1, 102, 8.0);
INSERT INTO surveys (id, hotel_id, guest_id, score) VALUES (103, 1, 103, 8.0);
INSERT INTO surveys (id, hotel_id, guest_id, score) VALUES (104, 1, 104, 8.0);
INSERT INTO surveys (id, hotel_id, guest_id, score) VALUES (105, 1, 105, 8.0);
INSERT INTO surveys (id, hotel_id, guest_id, score) VALUES (106, 1, 106, 8.0);
INSERT INTO surveys (id, hotel_id, guest_id, score) VALUES (107, 1, 107, 8.0);
INSERT INTO surveys (id, hotel_id, guest_id, score) VALUES (108, 1, 108, 8.0);
INSERT INTO surveys (id, hotel_id, guest_id, score) VALUES (109, 1, 109, 8.0);
INSERT INTO surveys (id, hotel_id, guest_id, score) VALUES (110, 1, 110, 8.0);
INSERT INTO surveys (id, hotel_id, guest_id, score) VALUES (111, 1, 111, 8.0);
INSERT INTO surveys (id, hotel_id, guest_id, score) VALUES (112, 1, 112, 8.0);
INSERT INTO surveys (id, hotel_id, guest_id, score) VALUES (113, 1, 113, 8.0);
INSERT INTO surveys (id, hotel_id, guest_id, score) VALUES (114, 1, 114, 8.0);
INSERT INTO surveys (id, hotel_id, guest_id, score) VALUES (115, 1, 115, 8.0);
INSERT INTO surveys (id, hotel_id, guest_id, score) VALUES (116, 1, 116, 8.0);
INSERT INTO surveys (id, hotel_id, guest_id, score) VALUES (117, 1, 117, 8.0);
INSERT INTO surveys (id, hotel_id, guest_id, score) VALUES (118, 1, 118, 8.0);
INSERT INTO surveys (id, hotel_id, guest_id, score) VALUES (119, 1, 119, 8.0);
INSERT INTO surveys (id, hotel_id, guest_id, score) VALUES (120, 1, 120, 8.0);
INSERT INTO surveys (id, hotel_id, guest_id, score) VALUES (121, 1, 121, 8.0);
INSERT INTO surveys (id, hotel_id, guest_id, score) VALUES (122, 1, 122, 8.0);
INSERT INTO surveys (id, hotel_id, guest_id, score) VALUES (123, 1, 123, 8.0);
INSERT INTO surveys (id, hotel_id, guest_id, score) VALUES (124, 1, 124, 8.0);
INSERT INTO surveys (id, hotel_id, guest_id, score) VALUES (125, 1, 125, 8.0);
INSERT INTO surveys (id, hotel_id, guest_id, score) VALUES (126, 1, 126, 8.0);
INSERT INTO surveys (id, hotel_id, guest_id, score) VALUES (127, 1, 127, 8.0);
INSERT INTO surveys (id, hotel_id, guest_id, score) VALUES (128, 1, 128, 8.0);
INSERT INTO surveys (id, hotel_id, guest_id, score) VALUES (129, 1, 129, 8.0);
INSERT INTO surveys (id, hotel_id, guest_id, score) VALUES (130, 1, 130, 8.0);
INSERT INTO surveys (id, hotel_id, guest_id, score) VALUES (131, 1, 131, 8.0);
INSERT INTO surveys (id, hotel_id, guest_id, score) VALUES (132, 1, 132, 8.0);
INSERT INTO surveys (id, hotel_id, guest_id, score) VALUES (133, 1, 133, 8.0);
INSERT INTO surveys (id, hotel_id, guest_id, score) VALUES (134, 1, 134, 8.0);
INSERT INTO surveys (id, hotel_id, guest_id, score) VALUES (135, 1, 135, 8.0);
INSERT INTO surveys (id, hotel_id, guest_id, score) VALUES (136, 1, 136, 8.0);
INSERT INTO surveys (id, hotel_id, guest_id, score) VALUES (137, 1, 137, 8.0);
INSERT INTO surveys (id, hotel_id, guest_id, score) VALUES (138, 1, 138, 8.0);
INSERT INTO surveys (id, hotel_id, guest_id, score) VALUES (139, 1, 139, 8.0);
INSERT INTO surveys (id, hotel_id, guest_id, score) VALUES (140, 1, 140, 8.0);
INSERT INTO surveys (id, hotel_id, guest_id, score) VALUES (141, 1, 141, 8.0);
INSERT INTO surveys (id, hotel_id, guest_id, score) VALUES (142, 1, 142, 8.0);
INSERT INTO surveys (id, hotel_id, guest_id, score) VALUES (143, 1, 143, 8.0);
INSERT INTO surveys (id, hotel_id, guest_id, score) VALUES (144, 1, 144, 8.0);
INSERT INTO surveys (id, hotel_id, guest_id, score) VALUES (145, 1, 145, 8.0);
INSERT INTO surveys (id, hotel_id, guest_id, score) VALUES (146, 1, 146, 8.0);
INSERT INTO surveys (id, hotel_id, guest_id, score) VALUES (147, 1, 147, 8.0);
INSERT INTO surveys (id, hotel_id, guest_id, score) VALUES (148, 1, 148, 8.0);
INSERT INTO surveys (id, hotel_id, guest_id, score) VALUES (149, 1, 149, 8.0);
INSERT INTO surveys (id, hotel_id, guest_id, score) VALUES (150, 1, 150, 8.0);
INSERT INTO surveys (id, hotel_id, guest_id, score) VALUES (151, 1, 151, 8.0);
INSERT INTO surveys (id, hotel_id, guest_id, score) VALUES (152, 1, 152, 8.0);
INSERT INTO surveys (id, hotel_id, guest_id, score) VALUES (153, 1, 153, 8.0);
INSERT INTO surveys (id, hotel_id, guest_id, score) VALUES (154, 1, 154, 8.0);
INSERT INTO surveys (id, hotel_id, guest_id, score) VALUES (155, 1, 155, 8.0);
INSERT INTO surveys (id, hotel_id, guest_id, score) VALUES (156, 1, 156, 8.0);
INSERT INTO surveys (id, hotel_id, guest_id, score) VALUES (157, 1, 157, 8.0);
INSERT INTO surveys (id, hotel_id, guest_id, score) VALUES (158, 1, 158, 8.0);
INSERT INTO surveys (id, hotel_id, guest_id, score) VALUES (159, 1, 159, 8.0);
INSERT INTO surveys (id, hotel_id, guest_id, score) VALUES (160, 1, 160, 8.0);
INSERT INTO surveys (id, hotel_id, guest_id, score) VALUES (161, 1, 161, 8.0);
INSERT INTO surveys (id, hotel_id, guest_id, score) VALUES (162, 1, 162, 8.0);
INSERT INTO surveys (id, hotel_id, guest_id, score) VALUES (163, 1, 163, 8.0);
INSERT INTO surveys (id, hotel_id, guest_id, score) VALUES (164, 1, 164, 8.0);
INSERT INTO surveys (id, hotel_id, guest_id, score) VALUES (165, 1, 165, 8.0);
INSERT INTO surveys (id, hotel_id, guest_id, score) VALUES (166, 1, 166, 8.0);
INSERT INTO surveys (id, hotel_id, guest_id, score) VALUES (167, 1, 167, 8.0);
INSERT INTO surveys (id, hotel_id, guest_id, score) VALUES (168, 1, 168, 8.0);
INSERT INTO surveys (id, hotel_id, guest_id, score) VALUES (169, 1, 169, 8.0);
INSERT INTO surveys (id, hotel_id, guest_id, score) VALUES (170, 1, 170, 8.0);
INSERT INTO surveys (id, hotel_id, guest_id, score) VALUES (171, 1, 171, 8.0);
INSERT INTO surveys (id, hotel_id, guest_id, score) VALUES (172, 1, 172, 8.0);
INSERT INTO surveys (id, hotel_id, guest_id, score) VALUES (173, 1, 173, 8.0);
INSERT INTO surveys (id, hotel_id, guest_id, score) VALUES (174, 1, 174, 8.0);
INSERT INTO surveys (id, hotel_id, guest_id, score) VALUES (175, 1, 175, 8.0);
INSERT INTO surveys (id, hotel_id, guest_id, score) VALUES (176, 1, 176, 8.0);
INSERT INTO surveys (id, hotel_id, guest_id, score) VALUES (177, 1, 177, 8.0);
INSERT INTO surveys (id, hotel_id, guest_id, score) VALUES (178, 1, 178, 8.0);
INSERT INTO surveys (id, hotel_id, guest_id, score) VALUES (179, 1, 179, 8.0);
INSERT INTO surveys (id, hotel_id, guest_id, score) VALUES (180, 1, 180, 8.0);
INSERT INTO surveys (id, hotel_id, guest_id, score) VALUES (181, 1, 181, 8.0);
INSERT INTO surveys (id, hotel_id, guest_id, score) VALUES (182, 1, 182, 8.0);
INSERT INTO surveys (id, hotel_id, guest_id, score) VALUES (183, 1, 183, 8.0);
INSERT INTO surveys (id, hotel_id, guest_id, score) VALUES (184, 1, 184, 8.0);
INSERT INTO surveys (id, hotel_id, guest_id, score) VALUES (185, 1, 185, 8.0);
INSERT INTO surveys (id, hotel_id, guest_id, score) VALUES (186, 1, 186, 8.0);
INSERT INTO surveys (id, hotel_id, guest_id, score) VALUES (187, 1, 187, 8.0);
INSERT INTO surveys (id, hotel_id, guest_id, score) VALUES (188, 1, 188, 8.0);
INSERT INTO surveys (id, hotel_id, guest_id, score) VALUES (189, 1, 189, 8.0);
INSERT INTO surveys (id, hotel_id, guest_id, score) VALUES (190, 1, 190, 8.0);
INSERT INTO surveys (id, hotel_id, guest_id, score) VALUES (191, 1, 191, 8.0);
INSERT INTO surveys (id, hotel_id, guest_id, score) VALUES (192, 1, 192, 8.0);
INSERT INTO surveys (id, hotel_id, guest_id, score) VALUES (193, 1, 193, 8.0);
INSERT INTO surveys (id, hotel_id, guest_id, score) VALUES (194, 1, 194, 8.0);
INSERT INTO surveys (id, hotel_id, guest_id, score) VALUES (195, 1, 195, 8.0);
INSERT INTO surveys (id, hotel_id, guest_id, score) VALUES (196, 1, 196, 8.0);
INSERT INTO surveys (id, hotel_id, guest_id, score) VALUES (197, 1, 197, 8.0);
INSERT INTO surveys (id, hotel_id, guest_id, score) VALUES (198, 1, 198, 8.0);
INSERT INTO surveys (id, hotel_id, guest_id, score) VALUES (199, 1, 199, 8.0);
INSERT INTO surveys (id, hotel_id, guest_id, score) VALUES (200, 1, 200, 8.0);
INSERT INTO surveys (id, hotel_id, guest_id, score) VALUES (201, 2, 201, 10.0);
INSERT INTO surveys (id, hotel_id, guest_id, score) VALUES (202, 2, 202, 10.0);
INSERT INTO surveys (id, hotel_id, guest_id, score) VALUES (203, 2, 203, 10.0);
INSERT INTO surveys (id, hotel_id, guest_id, score) VALUES (204, 2, 204, 1.0);
INSERT INTO surveys (id, hotel_id, guest_id, score) VALUES (205, 2, 205, 1.0);